"filename", "language", "TypeScript", "HTML", "PostCSS", "comment", "blank", "total"
"/Users/danssie/Desktop/tasktrack/src/app/app.config.ts", "TypeScript", 6, 0, 0, 0, 2, 8
"/Users/danssie/Desktop/tasktrack/src/app/app.css", "PostCSS", 0, 0, 0, 0, 1, 1
"/Users/danssie/Desktop/tasktrack/src/app/app.html", "HTML", 0, 4, 0, 0, 1, 5
"/Users/danssie/Desktop/tasktrack/src/app/app.routes.ts", "TypeScript", 38, 0, 0, 0, 2, 40
"/Users/danssie/Desktop/tasktrack/src/app/app.spec.ts", "TypeScript", 21, 0, 0, 0, 4, 25
"/Users/danssie/Desktop/tasktrack/src/app/app.ts", "TypeScript", 13, 0, 0, 0, 2, 15
"/Users/danssie/Desktop/tasktrack/src/app/components/btn-cancel/btn-cancel.css", "PostCSS", 0, 0, 0, 0, 1, 1
"/Users/danssie/Desktop/tasktrack/src/app/components/btn-cancel/btn-cancel.html", "HTML", 0, 6, 0, 0, 1, 7
"/Users/danssie/Desktop/tasktrack/src/app/components/btn-cancel/btn-cancel.spec.ts", "TypeScript", 17, 0, 0, 0, 5, 22
"/Users/danssie/Desktop/tasktrack/src/app/components/btn-cancel/btn-cancel.ts", "TypeScript", 9, 0, 0, 0, 2, 11
"/Users/danssie/Desktop/tasktrack/src/app/components/btn-create/btn-create.css", "PostCSS", 0, 0, 0, 0, 1, 1
"/Users/danssie/Desktop/tasktrack/src/app/components/btn-create/btn-create.html", "HTML", 0, 6, 0, 0, 1, 7
"/Users/danssie/Desktop/tasktrack/src/app/components/btn-create/btn-create.spec.ts", "TypeScript", 17, 0, 0, 0, 5, 22
"/Users/danssie/Desktop/tasktrack/src/app/components/btn-create/btn-create.ts", "TypeScript", 9, 0, 0, 0, 2, 11
"/Users/danssie/Desktop/tasktrack/src/app/components/dropdown-menu/dropdown-menu.css", "PostCSS", 0, 0, 0, 0, 1, 1
"/Users/danssie/Desktop/tasktrack/src/app/components/dropdown-menu/dropdown-menu.html", "HTML", 0, 23, 0, 3, 2, 28
"/Users/danssie/Desktop/tasktrack/src/app/components/dropdown-menu/dropdown-menu.spec.ts", "TypeScript", 17, 0, 0, 0, 5, 22
"/Users/danssie/Desktop/tasktrack/src/app/components/dropdown-menu/dropdown-menu.ts", "TypeScript", 32, 0, 0, 1, 11, 44
"/Users/danssie/Desktop/tasktrack/src/app/components/due-date/due-date.css", "PostCSS", 0, 0, 0, 0, 1, 1
"/Users/danssie/Desktop/tasktrack/src/app/components/due-date/due-date.html", "HTML", 0, 48, 0, 4, 2, 54
"/Users/danssie/Desktop/tasktrack/src/app/components/due-date/due-date.spec.ts", "TypeScript", 17, 0, 0, 0, 5, 22
"/Users/danssie/Desktop/tasktrack/src/app/components/due-date/due-date.ts", "TypeScript", 56, 0, 0, 6, 15, 77
"/Users/danssie/Desktop/tasktrack/src/app/components/icons/icons.css", "PostCSS", 0, 0, 0, 0, 1, 1
"/Users/danssie/Desktop/tasktrack/src/app/components/icons/icons.html", "HTML", 0, 178, 0, 0, 1, 179
"/Users/danssie/Desktop/tasktrack/src/app/components/icons/icons.spec.ts", "TypeScript", 17, 0, 0, 0, 5, 22
"/Users/danssie/Desktop/tasktrack/src/app/components/icons/icons.ts", "TypeScript", 11, 0, 0, 1, 2, 14
"/Users/danssie/Desktop/tasktrack/src/app/components/layout/margins/margins.css", "PostCSS", 0, 0, 0, 0, 1, 1
"/Users/danssie/Desktop/tasktrack/src/app/components/layout/margins/margins.html", "HTML", 0, 3, 0, 0, 1, 4
"/Users/danssie/Desktop/tasktrack/src/app/components/layout/margins/margins.spec.ts", "TypeScript", 17, 0, 0, 0, 5, 22
"/Users/danssie/Desktop/tasktrack/src/app/components/layout/margins/margins.ts", "TypeScript", 8, 0, 0, 0, 2, 10
"/Users/danssie/Desktop/tasktrack/src/app/components/layout/page-header/page-header.css", "PostCSS", 0, 0, 0, 0, 1, 1
"/Users/danssie/Desktop/tasktrack/src/app/components/layout/page-header/page-header.html", "HTML", 0, 4, 0, 0, 1, 5
"/Users/danssie/Desktop/tasktrack/src/app/components/layout/page-header/page-header.spec.ts", "TypeScript", 17, 0, 0, 0, 5, 22
"/Users/danssie/Desktop/tasktrack/src/app/components/layout/page-header/page-header.ts", "TypeScript", 11, 0, 0, 1, 2, 14
"/Users/danssie/Desktop/tasktrack/src/app/components/layout/sidebar/sidebar.css", "PostCSS", 0, 0, 0, 0, 1, 1
"/Users/danssie/Desktop/tasktrack/src/app/components/layout/sidebar/sidebar.html", "HTML", 0, 50, 0, 4, 3, 57
"/Users/danssie/Desktop/tasktrack/src/app/components/layout/sidebar/sidebar.spec.ts", "TypeScript", 17, 0, 0, 0, 5, 22
"/Users/danssie/Desktop/tasktrack/src/app/components/layout/sidebar/sidebar.ts", "TypeScript", 30, 0, 0, 0, 4, 34
"/Users/danssie/Desktop/tasktrack/src/app/components/search-bar/search-bar.css", "PostCSS", 0, 0, 0, 0, 1, 1
"/Users/danssie/Desktop/tasktrack/src/app/components/search-bar/search-bar.html", "HTML", 0, 12, 0, 0, 1, 13
"/Users/danssie/Desktop/tasktrack/src/app/components/search-bar/search-bar.spec.ts", "TypeScript", 17, 0, 0, 0, 5, 22
"/Users/danssie/Desktop/tasktrack/src/app/components/search-bar/search-bar.ts", "TypeScript", 16, 0, 0, 0, 4, 20
"/Users/danssie/Desktop/tasktrack/src/app/components/task-card/task-card-edit/task-card-edit.css", "PostCSS", 0, 0, 0, 0, 1, 1
"/Users/danssie/Desktop/tasktrack/src/app/components/task-card/task-card-edit/task-card-edit.html", "HTML", 0, 42, 0, 6, 3, 51
"/Users/danssie/Desktop/tasktrack/src/app/components/task-card/task-card-edit/task-card-edit.spec.ts", "TypeScript", 17, 0, 0, 0, 5, 22
"/Users/danssie/Desktop/tasktrack/src/app/components/task-card/task-card-edit/task-card-edit.ts", "TypeScript", 77, 0, 0, 7, 18, 102
"/Users/danssie/Desktop/tasktrack/src/app/components/task-card/task-card-view/task-card-view.css", "PostCSS", 0, 0, 0, 0, 1, 1
"/Users/danssie/Desktop/tasktrack/src/app/components/task-card/task-card-view/task-card-view.html", "HTML", 0, 22, 0, 5, 2, 29
"/Users/danssie/Desktop/tasktrack/src/app/components/task-card/task-card-view/task-card-view.spec.ts", "TypeScript", 17, 0, 0, 0, 5, 22
"/Users/danssie/Desktop/tasktrack/src/app/components/task-card/task-card-view/task-card-view.ts", "TypeScript", 21, 0, 0, 16, 10, 47
"/Users/danssie/Desktop/tasktrack/src/app/components/task-card/task-card.css", "PostCSS", 0, 0, 0, 0, 1, 1
"/Users/danssie/Desktop/tasktrack/src/app/components/task-card/task-card.html", "HTML", 0, 67, 0, 20, 5, 92
"/Users/danssie/Desktop/tasktrack/src/app/components/task-card/task-card.spec.ts", "TypeScript", 17, 0, 0, 0, 5, 22
"/Users/danssie/Desktop/tasktrack/src/app/components/task-card/task-card.ts", "TypeScript", 58, 0, 0, 21, 11, 90
"/Users/danssie/Desktop/tasktrack/src/app/features/active-tasks/active-tasks.css", "PostCSS", 0, 0, 0, 0, 1, 1
"/Users/danssie/Desktop/tasktrack/src/app/features/active-tasks/active-tasks.html", "HTML", 0, 21, 0, 4, 2, 27
"/Users/danssie/Desktop/tasktrack/src/app/features/active-tasks/active-tasks.spec.ts", "TypeScript", 17, 0, 0, 0, 5, 22
"/Users/danssie/Desktop/tasktrack/src/app/features/active-tasks/active-tasks.ts", "TypeScript", 45, 0, 0, 0, 14, 59
"/Users/danssie/Desktop/tasktrack/src/app/features/calendar/calendar.css", "PostCSS", 0, 0, 0, 0, 1, 1
"/Users/danssie/Desktop/tasktrack/src/app/features/calendar/calendar.html", "HTML", 0, 3, 0, 0, 1, 4
"/Users/danssie/Desktop/tasktrack/src/app/features/calendar/calendar.spec.ts", "TypeScript", 17, 0, 0, 0, 5, 22
"/Users/danssie/Desktop/tasktrack/src/app/features/calendar/calendar.ts", "TypeScript", 12, 0, 0, 0, 2, 14
"/Users/danssie/Desktop/tasktrack/src/app/features/completed-tasks/completed-tasks.css", "PostCSS", 0, 0, 0, 0, 1, 1
"/Users/danssie/Desktop/tasktrack/src/app/features/completed-tasks/completed-tasks.html", "HTML", 0, 4, 0, 0, 1, 5
"/Users/danssie/Desktop/tasktrack/src/app/features/completed-tasks/completed-tasks.spec.ts", "TypeScript", 17, 0, 0, 0, 5, 22
"/Users/danssie/Desktop/tasktrack/src/app/features/completed-tasks/completed-tasks.ts", "TypeScript", 14, 0, 0, 0, 2, 16
"/Users/danssie/Desktop/tasktrack/src/app/features/notes/notes.css", "PostCSS", 0, 0, 0, 0, 1, 1
"/Users/danssie/Desktop/tasktrack/src/app/features/notes/notes.html", "HTML", 0, 4, 0, 0, 1, 5
"/Users/danssie/Desktop/tasktrack/src/app/features/notes/notes.spec.ts", "TypeScript", 17, 0, 0, 0, 5, 22
"/Users/danssie/Desktop/tasktrack/src/app/features/notes/notes.ts", "TypeScript", 14, 0, 0, 0, 2, 16
"/Users/danssie/Desktop/tasktrack/src/app/features/welcome/welcome.css", "PostCSS", 0, 0, 0, 0, 1, 1
"/Users/danssie/Desktop/tasktrack/src/app/features/welcome/welcome.html", "HTML", 0, 1, 0, 0, 1, 2
"/Users/danssie/Desktop/tasktrack/src/app/features/welcome/welcome.spec.ts", "TypeScript", 17, 0, 0, 0, 5, 22
"/Users/danssie/Desktop/tasktrack/src/app/features/welcome/welcome.ts", "TypeScript", 9, 0, 0, 0, 2, 11
"/Users/danssie/Desktop/tasktrack/src/app/models/dropdown.model.ts", "TypeScript", 7, 0, 0, 0, 1, 8
"/Users/danssie/Desktop/tasktrack/src/app/models/icon.model.ts", "TypeScript", 13, 0, 0, 0, 1, 14
"/Users/danssie/Desktop/tasktrack/src/app/models/navbar.model.ts", "TypeScript", 7, 0, 0, 0, 2, 9
"/Users/danssie/Desktop/tasktrack/src/app/models/page-header.model.ts", "TypeScript", 1, 0, 0, 0, 1, 2
"/Users/danssie/Desktop/tasktrack/src/app/models/task.model.ts", "TypeScript", 12, 0, 0, 0, 2, 14
"/Users/danssie/Desktop/tasktrack/src/app/services/active-tasks.service.spec.ts", "TypeScript", 12, 0, 0, 0, 4, 16
"/Users/danssie/Desktop/tasktrack/src/app/services/active-tasks.service.ts", "TypeScript", 48, 0, 0, 2, 5, 55
"/Users/danssie/Desktop/tasktrack/src/app/services/local-storage.service.spec.ts", "TypeScript", 12, 0, 0, 0, 4, 16
"/Users/danssie/Desktop/tasktrack/src/app/services/local-storage.service.ts", "TypeScript", 13, 0, 0, 2, 4, 19
"/Users/danssie/Desktop/tasktrack/src/app/services/tasks.service.spec.ts", "TypeScript", 12, 0, 0, 0, 4, 16
"/Users/danssie/Desktop/tasktrack/src/app/services/tasks.service.ts", "TypeScript", 15, 0, 0, 5, 9, 29
"/Users/danssie/Desktop/tasktrack/src/app/shared/constants/priority.constants.ts", "TypeScript", 27, 0, 0, 0, 2, 29
"/Users/danssie/Desktop/tasktrack/src/app/stores/task.store.ts", "TypeScript", 0, 0, 0, 2, 1, 3
"Total", "-", 978, 498, 0, 110, 288, 1874